epoch,accuracy,f1-score,iou_score,loss,lr,precision,recall,val_accuracy,val_f1-score,val_iou_score,val_loss,val_precision,val_recall
0,0.16086922585964203,0.02523007057607174,0.0133286714553833,1.009062647819519,1e-05,0.09914635866880417,0.004591736011207104,0.4736941158771515,0.0010893438011407852,0.0010893438011407852,0.9893298149108887,0.0,0.0
1,0.3828013837337494,0.07001160085201263,0.04120796173810959,0.9769994020462036,1e-05,0.27903878688812256,0.012769886292517185,0.25144967436790466,0.0010893442668020725,0.0010893442668020725,0.9990915656089783,0.0,0.0
2,0.4740311801433563,0.12071610242128372,0.07808012515306473,0.9514586329460144,1e-05,0.4186296761035919,0.02728080376982689,0.4216810166835785,0.020546071231365204,0.011325811967253685,0.9766963124275208,0.9218226671218872,0.09312337636947632
3,0.5315859913825989,0.16742725670337677,0.11258810758590698,0.9297206401824951,1e-05,0.6305230855941772,0.06726338714361191,0.4355895221233368,0.041407544165849686,0.02548316679894924,0.9748620390892029,0.8747128844261169,0.2147698551416397
4,0.573077380657196,0.2524093985557556,0.17260859906673431,0.9098513722419739,1e-05,0.8248324394226074,0.21788638830184937,0.589962363243103,0.0629725381731987,0.044045232236385345,0.9542260766029358,0.9281069040298462,0.37059974670410156
5,0.6127249598503113,0.30437734723091125,0.21699558198451996,0.891622006893158,1e-05,0.8808287978172302,0.3724862337112427,0.7141082882881165,0.08332788944244385,0.06648697704076767,0.9347375631332397,0.9666031002998352,0.5441281795501709
6,0.6510071158409119,0.33274006843566895,0.24340832233428955,0.874483048915863,1e-05,0.898504912853241,0.44547826051712036,0.758609414100647,0.08519146591424942,0.0691615492105484,0.9291045069694519,0.9877640008926392,0.5681446194648743
7,0.6821134090423584,0.3495500981807709,0.26126089692115784,0.8608571290969849,1e-05,0.9063101410865784,0.4765666425228119,0.7899409532546997,0.08944851160049438,0.07288207858800888,0.9243069291114807,0.9930817484855652,0.5857188105583191
8,0.7025004625320435,0.3608657121658325,0.27356189489364624,0.8498571515083313,1e-05,0.9107337594032288,0.49669942259788513,0.767798900604248,0.11121612787246704,0.08327659964561462,0.915995180606842,0.9944679737091064,0.5562742352485657
9,0.7179387211799622,0.3736693561077118,0.2870869040489197,0.8371208906173706,1e-05,0.9166495203971863,0.5136380195617676,0.7768862843513489,0.20585040748119354,0.14393290877342224,0.889623761177063,0.9817178249359131,0.5304828882217407
10,0.7333977818489075,0.3826732337474823,0.2965978682041168,0.8273928761482239,1e-05,0.9211639761924744,0.528512716293335,0.7591416835784912,0.3019726276397705,0.21811561286449432,0.8623706102371216,0.960490882396698,0.5309657454490662
11,0.7437772750854492,0.3906829059123993,0.3058837354183197,0.8191736936569214,1e-05,0.9259158968925476,0.541588544845581,0.7742457389831543,0.37297937273979187,0.2832859456539154,0.8316964507102966,0.9476059079170227,0.5573842525482178
12,0.7613422274589539,0.40293753147125244,0.31675824522972107,0.8110809922218323,1e-05,0.9278558492660522,0.5513020753860474,0.7883387804031372,0.3863925039768219,0.29761970043182373,0.8192097544670105,0.9386921525001526,0.5639243125915527
13,0.7864411473274231,0.42091622948646545,0.3308666944503784,0.8013325333595276,1e-05,0.931932806968689,0.5595594048500061,0.7982469201087952,0.40109047293663025,0.30675947666168213,0.8077430725097656,0.932650089263916,0.5641051530838013
14,0.8107399940490723,0.43961817026138306,0.3463183343410492,0.7934250831604004,1e-05,0.9348658919334412,0.5662600994110107,0.8240886926651001,0.4001491069793701,0.30556580424308777,0.8000344634056091,0.9279963970184326,0.5727450251579285
15,0.8357819318771362,0.4508037865161896,0.35733282566070557,0.7864433526992798,1e-05,0.9369463324546814,0.5744357109069824,0.8533956408500671,0.41849273443222046,0.3219369351863861,0.7909052968025208,0.9358030557632446,0.5769091844558716
16,0.8604410290718079,0.4663471579551697,0.37209418416023254,0.7761660814285278,1e-05,0.9400869011878967,0.584895133972168,0.8626221418380737,0.41168802976608276,0.3162683844566345,0.7853457927703857,0.9321069717407227,0.5868757963180542
17,0.8754697442054749,0.4776567220687866,0.3843574523925781,0.7660534977912903,1e-05,0.943261444568634,0.5925352573394775,0.8793361186981201,0.4382117688655853,0.3399503231048584,0.774813175201416,0.9384211897850037,0.5964096188545227
18,0.8845840096473694,0.4847865402698517,0.3916064202785492,0.7574917078018188,1e-05,0.9449480175971985,0.5973571538925171,0.8872803449630737,0.4321795701980591,0.33579909801483154,0.7684048414230347,0.9398950934410095,0.6036711931228638
19,0.889914870262146,0.4859418272972107,0.39432746171951294,0.751261830329895,1e-05,0.9449043273925781,0.6021580696105957,0.8926905393600464,0.4390038549900055,0.343399316072464,0.7624146938323975,0.9415451884269714,0.598630428314209
20,0.8946022987365723,0.4887717068195343,0.39802655577659607,0.7444911003112793,1e-05,0.9465668201446533,0.6063953638076782,0.8940513730049133,0.4491710364818573,0.35066837072372437,0.7518541812896729,0.9407912492752075,0.6043496131896973
21,0.8990442752838135,0.4967164695262909,0.4067157208919525,0.73409104347229,1e-05,0.9493556022644043,0.6118098497390747,0.8961120247840881,0.45541703701019287,0.3583410680294037,0.7467420697212219,0.9442964196205139,0.6138843894004822
22,0.8986755609512329,0.49245476722717285,0.4046461880207062,0.7302345633506775,1e-05,0.9478184580802917,0.6145749688148499,0.8999279737472534,0.46726447343826294,0.3689601421356201,0.7368960380554199,0.9478615522384644,0.6199386715888977
23,0.9015068411827087,0.5000250339508057,0.41196754574775696,0.7198877334594727,1e-05,0.9514375925064087,0.6206005811691284,0.9001248478889465,0.47919395565986633,0.38284119963645935,0.7304362654685974,0.9515888094902039,0.6219582557678223
24,0.903613269329071,0.5101010799407959,0.4217809736728668,0.7073556780815125,1e-05,0.9549405574798584,0.6262921094894409,0.896759033203125,0.48150238394737244,0.38266727328300476,0.718542218208313,0.9463471174240112,0.6331813335418701
25,0.9023556709289551,0.5134781002998352,0.4267909824848175,0.7001309990882874,1e-05,0.9555014967918396,0.6321815252304077,0.8992884159088135,0.4852774143218994,0.3878003656864166,0.7118139266967773,0.9510356783866882,0.6426844000816345
26,0.9023202061653137,0.5137951970100403,0.42853790521621704,0.6926379203796387,1e-05,0.9569521546363831,0.6371280550956726,0.895907998085022,0.476996511220932,0.3798689842224121,0.7091593742370605,0.9494650959968567,0.6473020911216736
27,0.9001548886299133,0.5088547468185425,0.4245929419994354,0.6883755326271057,1e-05,0.9561811089515686,0.641421377658844,0.9015870690345764,0.496992290019989,0.40119561553001404,0.696449875831604,0.9552703499794006,0.6526186466217041
28,0.9008647203445435,0.512023389339447,0.4310064911842346,0.6802899241447449,1e-05,0.9566906094551086,0.6459063291549683,0.9001997113227844,0.4938318729400635,0.3976440727710724,0.6893996596336365,0.9553734660148621,0.6566309928894043
29,0.903215229511261,0.5243256688117981,0.44241294264793396,0.6648935079574585,1e-05,0.9611260890960693,0.6541687250137329,0.9018514752388,0.49663761258125305,0.401166170835495,0.6831018328666687,0.9572615623474121,0.6606869101524353
30,0.9049045443534851,0.5242671966552734,0.4425908029079437,0.6568521857261658,1e-05,0.9619040489196777,0.657305121421814,0.9003627896308899,0.4945125877857208,0.39776667952537537,0.6736016273498535,0.9541708827018738,0.6625961065292358
31,0.9055309891700745,0.5153173804283142,0.43710923194885254,0.655506432056427,1e-05,0.9596019387245178,0.6596482992172241,0.9071046710014343,0.5036470293998718,0.40832051634788513,0.6613636612892151,0.9594751000404358,0.6718449592590332
32,0.910814642906189,0.5283578634262085,0.44937336444854736,0.6391078233718872,1e-05,0.9633873701095581,0.665953516960144,0.9081581830978394,0.5052946209907532,0.4105883538722992,0.65267014503479,0.9601054191589355,0.6741343140602112
33,0.9162294268608093,0.5322605967521667,0.4536072611808777,0.6283152103424072,1e-05,0.9659219980239868,0.670481264591217,0.9122061729431152,0.5017510056495667,0.4063364565372467,0.6476751565933228,0.9590275883674622,0.6791942119598389
34,0.9223118424415588,0.538001537322998,0.4597230851650238,0.6168245077133179,1e-05,0.9675484299659729,0.6756906509399414,0.9187310934066772,0.5054652094841003,0.4106918275356293,0.6351495385169983,0.9617457389831543,0.6855392456054688
35,0.9255151152610779,0.5277979373931885,0.45294609665870667,0.6162252426147461,1e-05,0.9650369882583618,0.6773039102554321,0.925027072429657,0.5092334747314453,0.4170147776603699,0.6260930895805359,0.9638538956642151,0.6952680945396423
36,0.9356545805931091,0.534115195274353,0.45887869596481323,0.6033937335014343,1e-05,0.9671783447265625,0.6828199625015259,0.9396085739135742,0.5117941498756409,0.41998720169067383,0.6177654266357422,0.964246928691864,0.6990460157394409
37,0.9488418698310852,0.543714165687561,0.4693933129310608,0.5881496667861938,1e-05,0.9696084260940552,0.6895822286605835,0.9449216723442078,0.5102326273918152,0.4184247851371765,0.6115373373031616,0.9637802839279175,0.7000988125801086
38,0.9555152654647827,0.5507675409317017,0.47659552097320557,0.5750682950019836,1e-05,0.9726758599281311,0.7047644853591919,0.9494878053665161,0.5052621960639954,0.4121127724647522,0.6074724197387695,0.9653810262680054,0.70958012342453
39,0.9577094316482544,0.5493025183677673,0.4777184724807739,0.569525420665741,1e-05,0.9726234674453735,0.7337731719017029,0.9534826874732971,0.5204393267631531,0.4306919276714325,0.5951230525970459,0.9686402678489685,0.7333369255065918
40,0.9613686203956604,0.5585469603538513,0.48967865109443665,0.5574830770492554,1e-05,0.9756986498832703,0.7825239300727844,0.9568803906440735,0.5272254347801208,0.44136038422584534,0.5837953686714172,0.9715390205383301,0.7914254665374756
41,0.9634743332862854,0.5600255727767944,0.49399566650390625,0.5499230623245239,1e-05,0.9765599370002747,0.82195645570755,0.958052396774292,0.528157114982605,0.44277358055114746,0.5760843753814697,0.9710792303085327,0.8260656595230103
42,0.9647144079208374,0.5573828220367432,0.4938106834888458,0.545558512210846,1e-05,0.9764410257339478,0.8445160984992981,0.9620250463485718,0.5317312479019165,0.4487554430961609,0.5690048336982727,0.9749316573143005,0.8549586534500122
43,0.9677683711051941,0.5663992166519165,0.5042001008987427,0.5320512056350708,1e-05,0.9785078167915344,0.8716838359832764,0.9617788195610046,0.5325652360916138,0.452949196100235,0.562174916267395,0.9721337556838989,0.876937985420227
44,0.9695703387260437,0.5692365169525146,0.5093375444412231,0.5245227217674255,1e-05,0.9789765477180481,0.9102349877357483,0.9637952446937561,0.5327309370040894,0.45391687750816345,0.5580588579177856,0.9736706614494324,0.911421000957489
45,0.9704973697662354,0.5685213804244995,0.5107252597808838,0.5203604102134705,1e-05,0.9790541529655457,0.9362586140632629,0.9639813303947449,0.5335499048233032,0.4529300332069397,0.5499802231788635,0.9726461172103882,0.9334914088249207
46,0.971160888671875,0.5690949559211731,0.5134477019309998,0.5139480233192444,1e-05,0.9786877632141113,0.9493647813796997,0.9660070538520813,0.5351366400718689,0.45941513776779175,0.545082151889801,0.9744725823402405,0.9444379210472107
47,0.9729235172271729,0.5761078000068665,0.5205914378166199,0.5031635165214539,1e-05,0.9796326160430908,0.9567076563835144,0.9674103856086731,0.5383597016334534,0.4630883038043976,0.537934422492981,0.9753202795982361,0.9512683749198914
48,0.9737716317176819,0.5768739581108093,0.5219734311103821,0.4977281987667084,1e-05,0.9798471927642822,0.9611579179763794,0.9681963324546814,0.5402754545211792,0.464251309633255,0.5311169624328613,0.9751905202865601,0.95584636926651
49,0.9737889766693115,0.5744330286979675,0.5206437706947327,0.4950924813747406,1e-05,0.9793149828910828,0.9637503027915955,0.9692255854606628,0.5433666706085205,0.466919869184494,0.5231693983078003,0.9753726720809937,0.9592822790145874
50,0.9746513366699219,0.5784337520599365,0.5245482921600342,0.4877646565437317,1e-05,0.9796199202537537,0.9662572145462036,0.9696685671806335,0.5454099774360657,0.4696066975593567,0.5188414454460144,0.9756790399551392,0.9613763093948364
51,0.9751976132392883,0.5795637369155884,0.5262954831123352,0.4827151596546173,1e-05,0.9797506928443909,0.9681278467178345,0.9695026278495789,0.5390969514846802,0.4637221097946167,0.5200521945953369,0.9747803211212158,0.9623591899871826
52,0.974663257598877,0.577738344669342,0.5252989530563354,0.4809595048427582,1e-05,0.9789013862609863,0.9686752557754517,0.9701896905899048,0.5464324355125427,0.47178637981414795,0.5093191266059875,0.9750633835792542,0.9641217589378357
53,0.9744119048118591,0.5731277465820312,0.5220735669136047,0.4819392263889313,1e-05,0.9782885909080505,0.9693138003349304,0.969502329826355,0.5400059819221497,0.46373894810676575,0.5119802355766296,0.9741331338882446,0.9642763733863831
54,0.9737581610679626,0.5711742043495178,0.5207096934318542,0.4806700348854065,1e-05,0.977433979511261,0.9693843126296997,0.9701817631721497,0.5463109612464905,0.4702621102333069,0.5024212002754211,0.9745569229125977,0.9656891822814941
55,0.9767715334892273,0.585317850112915,0.5334197282791138,0.4642673432826996,1e-05,0.9801855683326721,0.9728496670722961,0.9707724452018738,0.5474932789802551,0.4724385142326355,0.4987468719482422,0.9747641682624817,0.9668526649475098
56,0.9750583171844482,0.5752735137939453,0.5252397060394287,0.4710731506347656,1e-05,0.9782308340072632,0.9715641736984253,0.9703547358512878,0.5400880575180054,0.46450966596603394,0.5052664279937744,0.9744018912315369,0.9667226672172546
57,0.9765099883079529,0.5836091041564941,0.5326483845710754,0.461008757352829,1e-05,0.9794881343841553,0.9733668565750122,0.9697317481040955,0.5447989702224731,0.4712493419647217,0.49739018082618713,0.973211407661438,0.9664870500564575
58,0.975690484046936,0.5790969729423523,0.5294171571731567,0.4628954529762268,1e-05,0.9785220623016357,0.9728033542633057,0.970709502696991,0.542140007019043,0.46842309832572937,0.4983366131782532,0.9742023944854736,0.9676845669746399
59,0.9773359298706055,0.5877261161804199,0.537080705165863,0.4524720013141632,1e-05,0.9800011515617371,0.9746618270874023,0.9706881642341614,0.544564962387085,0.4696841239929199,0.49256631731987,0.9739682078361511,0.9678432941436768
60,0.976193904876709,0.5803200006484985,0.5313311815261841,0.45732635259628296,1e-05,0.978731095790863,0.9737458229064941,0.9707295894622803,0.5467891693115234,0.47316211462020874,0.48918387293815613,0.9738693237304688,0.9680412411689758
61,0.9757910966873169,0.5780383944511414,0.5296546816825867,0.45750707387924194,1e-05,0.9782115817070007,0.9735134840011597,0.970984935760498,0.546420156955719,0.47261834144592285,0.48741158843040466,0.9740720987319946,0.9684433937072754
62,0.9763661026954651,0.5838858485221863,0.5349640250205994,0.4503058195114136,1e-05,0.9787020683288574,0.9742226004600525,0.9700348973274231,0.5413972735404968,0.4684973955154419,0.4902651906013489,0.9728792905807495,0.967669665813446
63,0.9769832491874695,0.5842103958129883,0.5355393886566162,0.4482637345790863,1e-05,0.9792173504829407,0.9749302268028259,0.9717703461647034,0.5473529696464539,0.4733739495277405,0.48272091150283813,0.9744600653648376,0.9695281386375427
64,0.9772201180458069,0.584994375705719,0.5367741584777832,0.4462842047214508,1e-05,0.979306161403656,0.9753367304801941,0.971251368522644,0.5460308790206909,0.47089239954948425,0.4831981956958771,0.9739741086959839,0.9690219759941101
65,0.9766682386398315,0.5826341509819031,0.5349414944648743,0.4467952251434326,1e-05,0.9787043929100037,0.974872350692749,0.9715127348899841,0.5480198860168457,0.47465527057647705,0.4796627163887024,0.9740697145462036,0.9694759845733643
66,0.9776506423950195,0.5888399481773376,0.5408279895782471,0.439386785030365,1e-05,0.979606568813324,0.9759219288825989,0.9706130623817444,0.5430759191513062,0.46959376335144043,0.48329439759254456,0.9731337428092957,0.9686719179153442
67,0.9759430289268494,0.5803912878036499,0.5333762168884277,0.44644811749458313,1e-05,0.9778600335121155,0.9743430614471436,0.9712597727775574,0.5472177863121033,0.47343605756759644,0.47765910625457764,0.9737564921379089,0.9693480730056763
68,0.9771376848220825,0.5837443470954895,0.5367152094841003,0.44165220856666565,1e-05,0.9789995551109314,0.9755639433860779,0.9709857106208801,0.54400235414505,0.47054702043533325,0.4800255596637726,0.9734565615653992,0.9691111445426941
69,0.9759151935577393,0.5780962705612183,0.5317819118499756,0.4462142288684845,1e-05,0.9777406454086304,0.9743988513946533,0.9717525243759155,0.550035834312439,0.47598159313201904,0.4722329378128052,0.9740071296691895,0.9700217247009277
70,0.9782774448394775,0.5900281071662903,0.5427426695823669,0.43319031596183777,1e-05,0.9800536036491394,0.9767807722091675,0.9715356230735779,0.54703289270401,0.47333624958992004,0.47434166073799133,0.9737502932548523,0.9698749780654907
71,0.9772675633430481,0.585209310054779,0.5390915870666504,0.4365425407886505,1e-05,0.9790172576904297,0.9758627414703369,0.9719501733779907,0.5471221208572388,0.4724850356578827,0.4734479784965515,0.9742314219474792,0.9702943563461304
72,0.9770936965942383,0.5821056962013245,0.536241352558136,0.43872949481010437,1e-05,0.9788290858268738,0.9757162928581238,0.9714992642402649,0.5489471554756165,0.4754551947116852,0.47091659903526306,0.9737323522567749,0.9698312878608704
73,0.977206826210022,0.5821335911750793,0.5368528366088867,0.43724846839904785,1e-05,0.978929877281189,0.9758720993995667,0.9712319374084473,0.5450199246406555,0.4706445634365082,0.4732126295566559,0.9734630584716797,0.9696478247642517
74,0.9782277345657349,0.588045060634613,0.5416412353515625,0.4303477704524994,1e-05,0.9799617528915405,0.9769063591957092,0.9719435572624207,0.5511749386787415,0.4774712920188904,0.4661150574684143,0.9741201996803284,0.9703587889671326
75,0.977837860584259,0.5864989161491394,0.5411375164985657,0.43071889877319336,1e-05,0.9795475006103516,0.9765645861625671,0.9717974662780762,0.5466631054878235,0.4730793833732605,0.46974384784698486,0.97401362657547,0.9702863097190857
76,0.9781602025032043,0.5865415334701538,0.5412771105766296,0.4295867085456848,1e-05,0.9798818230628967,0.9768972992897034,0.9725212454795837,0.5508682131767273,0.4773249626159668,0.4644336998462677,0.9746116399765015,0.9710891842842102
77,0.9754424095153809,0.5753337144851685,0.5314955711364746,0.4395737051963806,1e-05,0.9772712588310242,0.9741897583007812,0.9716728329658508,0.5464900732040405,0.4718954861164093,0.4671199321746826,0.9737914800643921,0.9702043533325195
78,0.9776330590248108,0.5837296843528748,0.5394482612609863,0.43104857206344604,1e-05,0.9794635772705078,0.9763971567153931,0.9717698693275452,0.5484123229980469,0.47517454624176025,0.4650896489620209,0.9739500284194946,0.9702715277671814
79,0.9782331585884094,0.5881703495979309,0.5438055396080017,0.42431411147117615,1e-05,0.9801838994026184,0.9769988059997559,0.9721861481666565,0.549575686454773,0.4771918058395386,0.4622381627559662,0.9742136597633362,0.9708220362663269
80,0.9780462384223938,0.5875539779663086,0.5429836511611938,0.42345350980758667,1e-05,0.980073094367981,0.976803183555603,0.9716943502426147,0.5436527132987976,0.4694475531578064,0.46705588698387146,0.9739252924919128,0.9702157378196716
81,0.9777312874794006,0.5873833298683167,0.5425589084625244,0.42195120453834534,1e-05,0.9799275994300842,0.9764851331710815,0.9720693230628967,0.5497689247131348,0.4757417142391205,0.45994240045547485,0.9743596315383911,0.9705719351768494
82,0.9790597558021545,0.593690812587738,0.5486621260643005,0.41339582204818726,1e-05,0.9813494086265564,0.9777423739433289,0.9707741737365723,0.5420441627502441,0.4693669378757477,0.4652099311351776,0.9735632538795471,0.9690827131271362
83,0.980064332485199,0.5996995568275452,0.5544003248214722,0.4052046239376068,1e-05,0.9825084805488586,0.978667676448822,0.971255362033844,0.5455997586250305,0.47161364555358887,0.4596145749092102,0.9738685488700867,0.969645082950592
84,0.9774263501167297,0.5856778621673584,0.5419982671737671,0.4165564477443695,1e-05,0.9801490306854248,0.9759080410003662,0.9714115858078003,0.5475360155105591,0.47519922256469727,0.455605149269104,0.974218487739563,0.969805896282196
85,0.97747802734375,0.5851806402206421,0.5411837100982666,0.41350117325782776,1e-05,0.9804327487945557,0.975751519203186,0.9722920656204224,0.5458933711051941,0.4711536765098572,0.4547635614871979,0.9753010272979736,0.970456600189209
86,0.9769354462623596,0.5825172662734985,0.5390996932983398,0.41186705231666565,1e-05,0.9800400733947754,0.9750609397888184,0.9694309830665588,0.5358092188835144,0.46238547563552856,0.4610588252544403,0.9736276268959045,0.9670403003692627
87,0.9791969656944275,0.5941761136054993,0.5493528246879578,0.3949175179004669,1e-05,0.9823569059371948,0.9771333336830139,0.971498966217041,0.546795129776001,0.4733397960662842,0.4465085566043854,0.975054144859314,0.969488263130188
88,0.9785077571868896,0.5922070145606995,0.5474823117256165,0.39181768894195557,1e-05,0.9818922281265259,0.9762288331985474,0.9715412855148315,0.5494150519371033,0.47557783126831055,0.44145554304122925,0.9753488302230835,0.969135046005249
89,0.9793943762779236,0.6047226786613464,0.5567963123321533,0.378080278635025,1e-05,0.9827438592910767,0.9770900011062622,0.9722741842269897,0.5518004894256592,0.47626087069511414,0.4379666745662689,0.9750709533691406,0.9703977704048157
90,0.9790844917297363,0.6254009008407593,0.5663902163505554,0.3721652626991272,1e-05,0.982220470905304,0.9767958521842957,0.9725536108016968,0.5709488987922668,0.4885488748550415,0.4271211326122284,0.9756765961647034,0.9705212116241455
91,0.9781512022018433,0.6747456192970276,0.5955075621604919,0.3672861158847809,1e-05,0.9807410836219788,0.9763465523719788,0.9717912673950195,0.5942280292510986,0.4996136426925659,0.42876169085502625,0.9746527671813965,0.9701778888702393
92,0.9765963554382324,0.6888786554336548,0.603604793548584,0.36641913652420044,1e-05,0.9787421822547913,0.9751397967338562,0.9723976850509644,0.6106573939323425,0.5118312239646912,0.4173654615879059,0.974695086479187,0.971028208732605
93,0.977256178855896,0.7139967083930969,0.6240749955177307,0.3469977378845215,1e-05,0.9790883660316467,0.9760153293609619,0.9722297787666321,0.6175158619880676,0.5175953507423401,0.41342130303382874,0.9741986393928528,0.9710546135902405
94,0.9776309132575989,0.7316718697547913,0.637708306312561,0.3348083794116974,1e-05,0.9792279601097107,0.9765602350234985,0.9723551273345947,0.6284036040306091,0.523689329624176,0.4053926169872284,0.9745068550109863,0.9710917472839355
95,0.9778889417648315,0.7461824417114258,0.6502503156661987,0.31996771693229675,1e-05,0.9792867302894592,0.9769571423530579,0.9720494747161865,0.6456814408302307,0.536591649055481,0.39221739768981934,0.9741051197052002,0.970811665058136
96,0.9781193733215332,0.7506994605064392,0.6551510095596313,0.31240200996398926,1e-05,0.9793570041656494,0.9773020148277283,0.9725555777549744,0.6386898756027222,0.533297598361969,0.3941546082496643,0.9742448329925537,0.971513032913208
97,0.9782453179359436,0.765331506729126,0.6670567393302917,0.2964046001434326,1e-05,0.9793932437896729,0.9775034785270691,0.9717356562614441,0.6286697387695312,0.5239505767822266,0.40038082003593445,0.9733461737632751,0.9707973599433899
98,0.9798431396484375,0.7750759720802307,0.6758109331130981,0.28296664357185364,1e-05,0.980897843837738,0.9791567921638489,0.9720134139060974,0.6339859366416931,0.5276238322257996,0.3931536078453064,0.9734421372413635,0.9711527824401855
99,0.9774107336997986,0.7607451677322388,0.6641180515289307,0.2932165563106537,1e-05,0.9783976674079895,0.9767684936523438,0.9717926383018494,0.6448730230331421,0.5347521901130676,0.3864031434059143,0.9735540151596069,0.9707598090171814
100,0.9769323468208313,0.7595375776290894,0.6635366678237915,0.29155638813972473,1e-05,0.9778786301612854,0.9763309359550476,0.9728808403015137,0.6444047093391418,0.537864089012146,0.3810891807079315,0.9743202328681946,0.9720107913017273
101,0.9781676530838013,0.7730050683021545,0.6757087111473083,0.27565714716911316,1e-05,0.9790354371070862,0.977607786655426,0.9708874225616455,0.6399936079978943,0.5333000421524048,0.3844659924507141,0.9722826480865479,0.9700654149055481
102,0.9796254634857178,0.7886061072349548,0.6907504796981812,0.2587527930736542,1e-05,0.9804583787918091,0.979089617729187,0.9722342491149902,0.6490781903266907,0.5374733209609985,0.37534448504447937,0.9736202955245972,0.9714303612709045
103,0.979120135307312,0.7807357907295227,0.6831201910972595,0.26421791315078735,1e-05,0.9799420237541199,0.978583574295044,0.9718372225761414,0.6458200216293335,0.536765992641449,0.37788012623786926,0.9731352925300598,0.9710620045661926
104,0.9776871800422668,0.7706064581871033,0.6755306720733643,0.2706398665904999,1e-05,0.9784570336341858,0.9771957993507385,0.9727811813354492,0.6471066474914551,0.5385812520980835,0.3741762936115265,0.9740440845489502,0.9720466136932373
105,0.9798073768615723,0.7962926030158997,0.6984789967536926,0.24516178667545319,1e-05,0.9805487990379333,0.97932368516922,0.9725288152694702,0.6496177315711975,0.5389626622200012,0.3722913861274719,0.9737621545791626,0.9718164205551147
106,0.979732871055603,0.7966092228889465,0.6991486549377441,0.24340210855007172,1e-05,0.980441689491272,0.9792721271514893,0.9714361429214478,0.6350162029266357,0.5293776988983154,0.3831319510936737,0.97257399559021,0.970791220664978
107,0.9784191250801086,0.7877114415168762,0.69332355260849,0.25018030405044556,1e-05,0.9791041612625122,0.977981686592102,0.9718712568283081,0.6433073282241821,0.5344223380088806,0.3762081265449524,0.9730708003044128,0.9711799025535583
108,0.9781687259674072,0.7854922413825989,0.6907265782356262,0.25037503242492676,1e-05,0.9788338541984558,0.9777392745018005,0.9730618000030518,0.645978569984436,0.5374824404716492,0.3720339238643646,0.9741707444190979,0.9723955988883972
109,0.9787877202033997,0.7909781336784363,0.6954407095909119,0.24393248558044434,1e-05,0.9794173836708069,0.9783787131309509,0.971886157989502,0.6344768404960632,0.5284468531608582,0.38271164894104004,0.9729518294334412,0.9712858200073242
110,0.979519784450531,0.8021737933158875,0.7061282396316528,0.23247310519218445,1e-05,0.9801443219184875,0.9791241884231567,0.9731071591377258,0.6390251517295837,0.5344955325126648,0.37665194272994995,0.9741609692573547,0.9724830985069275
111,0.979625940322876,0.7990880012512207,0.7037351727485657,0.23443786799907684,1e-05,0.9802238345146179,0.9792426824569702,0.9717229008674622,0.6391535997390747,0.5330181121826172,0.37652701139450073,0.9727473258972168,0.9711416959762573
112,0.97826087474823,0.7930527329444885,0.6998447179794312,0.23798789083957672,1e-05,0.9788481593132019,0.9778847694396973,0.9716188311576843,0.639247715473175,0.5322152972221375,0.37728938460350037,0.9726387858390808,0.9710331559181213
113,0.9811882376670837,0.8181672692298889,0.7216832637786865,0.21277426183223724,1e-05,0.9817514419555664,0.9808292984962463,0.9723941683769226,0.6504361629486084,0.5408848524093628,0.3658294379711151,0.9734044671058655,0.9718313813209534
114,0.979952871799469,0.8082295060157776,0.7138084769248962,0.22204597294330597,1e-05,0.9805071353912354,0.9796019792556763,0.9719045162200928,0.6406399607658386,0.5340873003005981,0.374970406293869,0.9728249907493591,0.9713718891143799
115,0.977638840675354,0.788263201713562,0.697072446346283,0.24075424671173096,1e-05,0.9781817197799683,0.9772987961769104,0.9727396965026855,0.6544224619865417,0.5431057810783386,0.3619117736816406,0.9736867547035217,0.9722058176994324
116,0.9798157811164856,0.809933602809906,0.7162320017814636,0.21851952373981476,1e-05,0.9803434014320374,0.9794778227806091,0.9730896353721619,0.649929940700531,0.5413281917572021,0.36500534415245056,0.9740012884140015,0.9725618362426758
117,0.9790966510772705,0.8035683035850525,0.7115278244018555,0.22391465306282043,1e-05,0.9796130657196045,0.9787721633911133,0.972661018371582,0.6471942663192749,0.5385312438011169,0.36727631092071533,0.9735551476478577,0.9721502661705017
118,0.9800056219100952,0.8093576431274414,0.7163224816322327,0.21733972430229187,1e-05,0.9805141091346741,0.9796791076660156,0.9720505475997925,0.6463906764984131,0.5382784605026245,0.3688289523124695,0.9729305505752563,0.9715580940246582
119,0.9794800877571106,0.804656982421875,0.7125007510185242,0.22187615931034088,1e-05,0.9799774289131165,0.9791688919067383,0.9722580313682556,0.6466794610023499,0.5377102494239807,0.3668041527271271,0.9731407761573792,0.9717694520950317
120,0.9805279970169067,0.8164790272712708,0.7245797514915466,0.20991568267345428,1e-05,0.9810138940811157,0.9802200198173523,0.9725081324577332,0.6427054405212402,0.5359234809875488,0.3699726462364197,0.9733216166496277,0.9720548391342163
121,0.9788941144943237,0.8008188009262085,0.7107986211776733,0.22413967549800873,1e-05,0.9793599247932434,0.9786003828048706,0.9712406396865845,0.6400976777076721,0.5313078165054321,0.37317466735839844,0.9720756411552429,0.970760703086853
122,0.9812043309211731,0.8195282220840454,0.7265125513076782,0.20528237521648407,1e-05,0.9816619753837585,0.9809069037437439,0.9731117486953735,0.6488789319992065,0.5406421422958374,0.36400189995765686,0.9739400148391724,0.9726565480232239
123,0.9799177646636963,0.8130102753639221,0.7216853499412537,0.21158385276794434,1e-05,0.9803625345230103,0.9796262979507446,0.9720340967178345,0.6440698504447937,0.5362889766693115,0.36906713247299194,0.9728309512138367,0.9715917110443115
124,0.9816692471504211,0.8244693279266357,0.731814444065094,0.19919094443321228,1e-05,0.9821099638938904,0.9813824892044067,0.9726972579956055,0.6464768052101135,0.5389373898506165,0.3651255667209625,0.9734622240066528,0.9722757339477539
125,0.978342592716217,0.797755241394043,0.7088190913200378,0.22482261061668396,1e-05,0.9787696003913879,0.978070855140686,0.9723095893859863,0.6445367336273193,0.5350586175918579,0.36736562848091125,0.9730910062789917,0.9718875288963318
126,0.9800540804862976,0.8095198273658752,0.7194938063621521,0.21308307349681854,1e-05,0.9804754257202148,0.9798002243041992,0.9728272557258606,0.6514578461647034,0.5421770215034485,0.3602949380874634,0.9736108779907227,0.9723883867263794
127,0.9802907109260559,0.819104790687561,0.7284178137779236,0.20346634089946747,1e-05,0.9807252287864685,0.9800249934196472,0.9699898362159729,0.6288047432899475,0.5231841802597046,0.38359907269477844,0.9707716703414917,0.9695626497268677
128,0.9790337681770325,0.8074241876602173,0.7181945443153381,0.214601531624794,1e-05,0.9794434309005737,0.9787842035293579,0.9732053875923157,0.6527674794197083,0.5418385863304138,0.35900014638900757,0.973943829536438,0.9727845788002014
129,0.9779235124588013,0.80036860704422,0.7130832076072693,0.22177943587303162,1e-05,0.9783365726470947,0.977668821811676,0.9726803302764893,0.644405722618103,0.5383023619651794,0.3666379451751709,0.973394513130188,0.9722697138786316
130,0.9814034104347229,0.8284066915512085,0.7370448112487793,0.19260545074939728,1e-05,0.9817945957183838,0.981148362159729,0.972104549407959,0.6482189893722534,0.5397424101829529,0.36320868134498596,0.9727990031242371,0.9717082977294922
131,0.9825940132141113,0.8350830674171448,0.7436215877532959,0.18511611223220825,1e-05,0.982984185218811,0.9823437929153442,0.9730887413024902,0.6463684439659119,0.5379943251609802,0.3642885684967041,0.9737869501113892,0.9726933240890503
132,0.9800189137458801,0.8202198147773743,0.7308149337768555,0.20065589249134064,1e-05,0.9804036617279053,0.9797816276550293,0.9724550247192383,0.6502514481544495,0.5405552387237549,0.3607257306575775,0.9731997847557068,0.9720292687416077
133,0.9801185727119446,0.8166223168373108,0.7280651926994324,0.2033148556947708,1e-05,0.9804976582527161,0.9798743724822998,0.9731245040893555,0.6552801132202148,0.5449776649475098,0.3558630049228668,0.9738410711288452,0.9727386832237244
134,0.9819560050964355,0.834452748298645,0.7433069348335266,0.184966042637825,1e-05,0.9823222160339355,0.981722354888916,0.9730079770088196,0.6440708637237549,0.5377194285392761,0.36581364274024963,0.9736719131469727,0.9726401567459106
135,0.9815700650215149,0.8290334939956665,0.7390286326408386,0.19019638001918793,1e-05,0.9819345474243164,0.981338381767273,0.9737663865089417,0.655536413192749,0.5478647947311401,0.3551708161830902,0.974419891834259,0.9733887314796448
136,0.9814654588699341,0.8288154006004333,0.7384968400001526,0.19016140699386597,1e-05,0.9818285703659058,0.9812313318252563,0.9719811081886292,0.6534914970397949,0.5433318018913269,0.3579850196838379,0.9726971983909607,0.9715787172317505
137,0.9796291589736938,0.8166842460632324,0.727907121181488,0.20191997289657593,1e-05,0.979989230632782,0.9794065952301025,0.9735476970672607,0.662725567817688,0.5526963472366333,0.3481330871582031,0.9742160439491272,0.973162055015564
138,0.9824483394622803,0.8348138332366943,0.7449737191200256,0.18342941999435425,1e-05,0.9827917218208313,0.9822235107421875,0.9729358553886414,0.650987982749939,0.5427234172821045,0.3593496084213257,0.9735708236694336,0.9725831151008606
139,0.9819456934928894,0.8327361345291138,0.7433098554611206,0.18544483184814453,1e-05,0.9822865128517151,0.981724739074707,0.9730823040008545,0.6568030714988708,0.5468250513076782,0.3536830246448517,0.9737105965614319,0.9727351665496826
140,0.98246169090271,0.8424168229103088,0.7516035437583923,0.17564302682876587,1e-05,0.9827917814254761,0.9822433590888977,0.9734497666358948,0.6559515595436096,0.5469353795051575,0.3538486957550049,0.9740375876426697,0.9731278419494629
141,0.9807670712471008,0.8240227103233337,0.7358161211013794,0.19392363727092743,1e-05,0.9811003804206848,0.9805589318275452,0.9724019169807434,0.6567134261131287,0.5477234721183777,0.3544495105743408,0.9729886054992676,0.9720706343650818
142,0.979651927947998,0.8122302293777466,0.7264571189880371,0.20561961829662323,1e-05,0.9799768328666687,0.9794551730155945,0.9726786613464355,0.650412917137146,0.5422089695930481,0.35974836349487305,0.9733291268348694,0.9723191857337952
143,0.982074499130249,0.8398507833480835,0.7508139610290527,0.1769501119852066,1e-05,0.9823924899101257,0.981867253780365,0.9729323387145996,0.649310290813446,0.5408504605293274,0.3605630099773407,0.9735440611839294,0.972585141658783
144,0.9823132753372192,0.8395171761512756,0.7506340742111206,0.1774793118238449,1e-05,0.9826257228851318,0.9821140170097351,0.9721455574035645,0.6517886519432068,0.5413216948509216,0.35927388072013855,0.9727372527122498,0.9718189835548401
145,0.9801084995269775,0.8245411515235901,0.7379959225654602,0.19227562844753265,1e-05,0.9804206490516663,0.9799153804779053,0.9734763503074646,0.6558688879013062,0.5459291338920593,0.35387811064720154,0.9740772843360901,0.9731618762016296
146,0.9815425276756287,0.8335117101669312,0.746461808681488,0.1831350177526474,1e-05,0.9818449020385742,0.9813514947891235,0.9726856350898743,0.6444233059883118,0.5378857851028442,0.3645053803920746,0.9732829928398132,0.9723511934280396
147,0.9811722040176392,0.8333064913749695,0.745887815952301,0.18338719010353088,1e-05,0.9814791679382324,0.9809845685958862,0.9728617668151855,0.647915244102478,0.5399836897850037,0.3615506589412689,0.9734563827514648,0.9725459218025208
148,0.9809242486953735,0.8292227983474731,0.7436157464981079,0.1869962215423584,1e-05,0.9812153577804565,0.9807425737380981,0.9735737442970276,0.6478840708732605,0.5395459532737732,0.36099717020988464,0.9741620421409607,0.9732584357261658
149,0.9802545309066772,0.8250943422317505,0.7399187088012695,0.19104427099227905,1e-05,0.9805471897125244,0.9800819158554077,0.9730606079101562,0.6451284289360046,0.5385602116584778,0.3641747236251831,0.9736363291740417,0.9727492928504944
150,0.9818660616874695,0.8338689804077148,0.7474165558815002,0.18215884268283844,1e-05,0.9821580052375793,0.9816819429397583,0.9726598262786865,0.6492263078689575,0.5413950085639954,0.35982745885849,0.9732020497322083,0.9723572134971619
151,0.9821358323097229,0.8379929661750793,0.7502245306968689,0.1776001900434494,1e-05,0.982426106929779,0.9819537997245789,0.9728707671165466,0.6527684330940247,0.5431991815567017,0.3568710684776306,0.9734426140785217,0.9725632667541504
152,0.9822006225585938,0.8404989242553711,0.7537354826927185,0.17482730746269226,1e-05,0.982483983039856,0.9820252656936646,0.9726885557174683,0.6481568813323975,0.5409224033355713,0.36163192987442017,0.9732230305671692,0.9723947644233704
153,0.9818830490112305,0.8357416987419128,0.7488418221473694,0.17957784235477448,1e-05,0.9821599125862122,0.9817066788673401,0.9721916317939758,0.6430028080940247,0.5352637767791748,0.3661707043647766,0.9727770686149597,0.9718965291976929
154,0.9800655841827393,0.8219034075737,0.7381466031074524,0.19336223602294922,1e-05,0.9803450703620911,0.979890763759613,0.9735212326049805,0.6520788073539734,0.5436971783638,0.3564683198928833,0.9740792512893677,0.9732272624969482
155,0.9828193783760071,0.8481284976005554,0.7615635991096497,0.16704286634922028,1e-05,0.983089804649353,0.9826454520225525,0.9733708500862122,0.6500941514968872,0.5427113175392151,0.3586088716983795,0.9738816618919373,0.9730887413024902
156,0.9803200364112854,0.8266207575798035,0.742137610912323,0.1885998547077179,1e-05,0.9805909991264343,0.9801504611968994,0.9737856984138489,0.6532784104347229,0.5459524393081665,0.35540536046028137,0.9743134379386902,0.9735024571418762
157,0.9811971783638,0.8314695954322815,0.7470289468765259,0.18376658856868744,1e-05,0.9814624786376953,0.9810327291488647,0.9720938205718994,0.6425920128822327,0.5363689661026001,0.3668513894081116,0.9725905060768127,0.9718273282051086
158,0.980664074420929,0.8279473781585693,0.7439656257629395,0.18805068731307983,1e-05,0.980931282043457,0.9804984927177429,0.9728633165359497,0.6492449641227722,0.5409908890724182,0.35995450615882874,0.9733684062957764,0.9725863337516785
159,0.9828463792800903,0.8463990688323975,0.7598088383674622,0.16816073656082153,1e-05,0.983115017414093,0.9826732873916626,0.9732073545455933,0.6549271941184998,0.5463709235191345,0.3541591167449951,0.9737212061882019,0.9729151129722595
160,0.9812859296798706,0.83527010679245,0.7515884637832642,0.179478257894516,1e-05,0.9815544486045837,0.9811218976974487,0.9731228351593018,0.6440341472625732,0.5377385020256042,0.3643597662448883,0.9736687541007996,0.972827136516571
161,0.9823006987571716,0.840770423412323,0.7559323310852051,0.17324872314929962,1e-05,0.9825619459152222,0.9821359515190125,0.9734980463981628,0.6532832384109497,0.5456594824790955,0.3559707999229431,0.9740057587623596,0.9732268452644348
162,0.9821923971176147,0.83917236328125,0.754477858543396,0.17453786730766296,1e-05,0.9824482798576355,0.9820256233215332,0.9720887541770935,0.6514050364494324,0.5419635772705078,0.35800933837890625,0.972597062587738,0.9718336462974548
163,0.9815673828125,0.8363668918609619,0.7521157264709473,0.17748282849788666,1e-05,0.9818143248558044,0.9814122319221497,0.972926139831543,0.6511706113815308,0.5416813492774963,0.3577849864959717,0.9734400510787964,0.9726589322090149
164,0.9835425019264221,0.853598415851593,0.7670311331748962,0.16031810641288757,1e-05,0.9837989807128906,0.983381986618042,0.9729002118110657,0.6545829176902771,0.5445346236228943,0.35414230823516846,0.9734121561050415,0.972640872001648
165,0.9799873232841492,0.8232846260070801,0.7407774925231934,0.1908833384513855,1e-05,0.9802363514900208,0.9798332452774048,0.9726906418800354,0.6538357734680176,0.5445598363876343,0.35486099123954773,0.9731600880622864,0.9724329710006714
166,0.9808725118637085,0.8372277021408081,0.7536348700523376,0.176715686917305,1e-05,0.9811215400695801,0.9807159900665283,0.9728633165359497,0.6483194828033447,0.5408751368522644,0.36010390520095825,0.9733055233955383,0.9726258516311646
167,0.9788084626197815,0.8108764290809631,0.7308493256568909,0.20329606533050537,1e-05,0.9790544509887695,0.9786644577980042,0.9726007580757141,0.6545581221580505,0.5466204881668091,0.35446417331695557,0.9730609059333801,0.972366988658905
168,0.9818000197410583,0.8418444991111755,0.7589997053146362,0.17177899181842804,1e-05,0.9820340275764465,0.9816513061523438,0.9732496738433838,0.6605286598205566,0.5498199462890625,0.3483468294143677,0.9737321138381958,0.9730019569396973
169,0.9829261898994446,0.8498396873474121,0.7658761739730835,0.16381870210170746,1e-05,0.9831661581993103,0.9827727675437927,0.9731495976448059,0.64789879322052,0.5415557622909546,0.36033734679222107,0.9736163020133972,0.9728808999061584
170,0.9835559725761414,0.8562023043632507,0.7708490490913391,0.15659479796886444,1e-05,0.9837872982025146,0.9834095239639282,0.9739314317703247,0.6552579998970032,0.5472305417060852,0.35316482186317444,0.974399983882904,0.9736661911010742
171,0.9835190176963806,0.8518487811088562,0.7669660449028015,0.16116954386234283,1e-05,0.9837470650672913,0.9833725094795227,0.9724613428115845,0.6539896726608276,0.5449300408363342,0.355398565530777,0.9729219079017639,0.9722138047218323
172,0.9813480973243713,0.8373698592185974,0.7537651062011719,0.17631161212921143,1e-05,0.9815844297409058,0.9812016487121582,0.9730710983276367,0.6610113978385925,0.5506554841995239,0.34722501039505005,0.9735284447669983,0.9728126525878906
173,0.9827848076820374,0.8464334011077881,0.7624112963676453,0.16628319025039673,1e-05,0.9830188155174255,0.982640266418457,0.9732033014297485,0.6526480317115784,0.5448965430259705,0.35602784156799316,0.9736709594726562,0.9729427695274353
174,0.9813264012336731,0.8386573791503906,0.7558828592300415,0.17410720884799957,1e-05,0.9815570116043091,0.9811890721321106,0.9738901257514954,0.6609683036804199,0.5517451167106628,0.3476586937904358,0.9743621945381165,0.9736505150794983
175,0.9834998846054077,0.8545868992805481,0.7704443335533142,0.1577102392911911,1e-05,0.9837241172790527,0.9833542108535767,0.9737895727157593,0.6473232507705688,0.540650486946106,0.36085212230682373,0.9741984605789185,0.9735573530197144
176,0.9815749526023865,0.8404133915901184,0.7585979700088501,0.17259588837623596,1e-05,0.9817963242530823,0.9814376831054688,0.9731365442276001,0.65169757604599,0.5423479080200195,0.35689935088157654,0.9735768437385559,0.9728978276252747
177,0.9828256368637085,0.8499699234962463,0.7668072581291199,0.16244807839393616,1e-05,0.9830425977706909,0.9826897978782654,0.9725130796432495,0.6479277610778809,0.5405783653259277,0.36043480038642883,0.9729439616203308,0.9722786545753479
178,0.9809759259223938,0.8346648812294006,0.7539325952529907,0.17822475731372833,1e-05,0.9811957478523254,0.9808463454246521,0.9732861518859863,0.6623706221580505,0.5510178208351135,0.34676477313041687,0.973759651184082,0.9730401635169983
179,0.9802107214927673,0.8267324566841125,0.746377170085907,0.1865006387233734,1e-05,0.980430006980896,0.9800778031349182,0.9731338620185852,0.6537049412727356,0.5430275797843933,0.35504528880119324,0.973569929599762,0.9729063510894775
180,0.9824213981628418,0.8433721661567688,0.7604371905326843,0.16892246901988983,1e-05,0.9826392531394958,0.9822848439216614,0.9730839729309082,0.6509040594100952,0.5428929328918457,0.35746997594833374,0.9734978079795837,0.9728602170944214
181,0.9809731841087341,0.8380128741264343,0.7568978071212769,0.174737349152565,1e-05,0.9811835289001465,0.9808394312858582,0.9731020331382751,0.656672477722168,0.546725869178772,0.35228461027145386,0.973502516746521,0.9728837609291077
182,0.9826161861419678,0.8436158895492554,0.761142373085022,0.16835932433605194,1e-05,0.9828223586082458,0.9824821352958679,0.9733781814575195,0.6591572761535645,0.548208475112915,0.3494478762149811,0.9737992882728577,0.9731526970863342
183,0.9813024997711182,0.8385059833526611,0.7578675746917725,0.17369666695594788,1e-05,0.9815106987953186,0.9811728000640869,0.9735140204429626,0.6594191193580627,0.5491251945495605,0.3495759665966034,0.9739307165145874,0.9732843041419983
184,0.9810562133789062,0.8365002870559692,0.7561032176017761,0.1759919971227646,1e-05,0.9812599420547485,0.9809300899505615,0.9732361435890198,0.655439019203186,0.5474810600280762,0.35316523909568787,0.9736374616622925,0.9730162024497986
185,0.9836446046829224,0.8581588864326477,0.7747471928596497,0.15346328914165497,1e-05,0.9838454127311707,0.983517587184906,0.9739770293235779,0.6570884585380554,0.5492541790008545,0.3512082099914551,0.9743785858154297,0.9737633466720581
186,0.9813857674598694,0.8336462378501892,0.7541802525520325,0.1787191480398178,1e-05,0.9815844893455505,0.9812620282173157,0.9731711745262146,0.6508733034133911,0.5434836745262146,0.35711973905563354,0.9735606908798218,0.9729621410369873
187,0.9812870621681213,0.835371196269989,0.7558786869049072,0.1770034283399582,1e-05,0.9814877510070801,0.9811633229255676,0.9729271531105042,0.6543209552764893,0.5464169979095459,0.354193776845932,0.9733035564422607,0.9727202653884888
188,0.9828718304634094,0.8477510213851929,0.7660000920295715,0.16382159292697906,1e-05,0.9830684661865234,0.9827501177787781,0.9739587903022766,0.6572420597076416,0.5491015315055847,0.35040679574012756,0.974355161190033,0.9737386703491211
189,0.981999397277832,0.8435948491096497,0.7632896304130554,0.16797837615013123,1e-05,0.9821941256523132,0.9818758368492126,0.9735417366027832,0.6588594913482666,0.5497308373451233,0.34951889514923096,0.9739475846290588,0.973330020904541
190,0.9826208353042603,0.8487145900726318,0.7678778171539307,0.1632441133260727,1e-05,0.9828137755393982,0.9825000166893005,0.9726539850234985,0.6600356101989746,0.5506966710090637,0.348801851272583,0.9730568528175354,0.9724504947662354
191,0.9828405380249023,0.8457460403442383,0.7638540863990784,0.16574332118034363,1e-05,0.9830403923988342,0.9827160835266113,0.9720194339752197,0.6482469439506531,0.542245626449585,0.3609912693500519,0.9724038243293762,0.9718143939971924
192,0.9805087447166443,0.8303999304771423,0.7514821887016296,0.18172672390937805,1e-05,0.9806965589523315,0.9803928136825562,0.974399209022522,0.6649369597434998,0.5559597611427307,0.34328973293304443,0.9747949838638306,0.9741766452789307
193,0.9794156551361084,0.8221625685691833,0.7443487048149109,0.19050070643424988,1e-05,0.9796121716499329,0.9792987108230591,0.974274754524231,0.6643229722976685,0.5543926358222961,0.34428077936172485,0.9746631383895874,0.9740744829177856
194,0.983288049697876,0.8500311374664307,0.7694106101989746,0.1613152027130127,1e-05,0.9834786057472229,0.9831668138504028,0.9737023711204529,0.6556786894798279,0.5461382269859314,0.3517674207687378,0.9740973711013794,0.9734930396080017
195,0.981487512588501,0.8372025489807129,0.7584015130996704,0.1747412234544754,1e-05,0.9816761612892151,0.9813694357872009,0.9727073907852173,0.6450558304786682,0.5389300584793091,0.36283454298973083,0.9731125235557556,0.9725063443183899
196,0.9846320748329163,0.8642010688781738,0.782795786857605,0.14666496217250824,1e-05,0.9848144054412842,0.9845182299613953,0.9735255241394043,0.6532819867134094,0.5466727614402771,0.35413604974746704,0.9739095568656921,0.9733238816261292
197,0.9815554022789001,0.8431477546691895,0.7652643322944641,0.16845150291919708,1e-05,0.9817375540733337,0.9814406633377075,0.9736594557762146,0.6522997617721558,0.5455297231674194,0.35563600063323975,0.9740580916404724,0.973456084728241
198,0.9837229251861572,0.8609496355056763,0.7797322273254395,0.14990729093551636,1e-05,0.9839029908180237,0.9836087822914124,0.9741085171699524,0.6578510999679565,0.5509101748466492,0.3500361740589142,0.9744802713394165,0.9739124178886414
199,0.9834497570991516,0.8598374128341675,0.7798527479171753,0.15140150487422943,1e-05,0.9836316704750061,0.983339250087738,0.9733933210372925,0.6583957076072693,0.5482815504074097,0.35038331151008606,0.9737856984138489,0.9731900691986084
200,0.9825961589813232,0.8519653677940369,0.7725455164909363,0.1595059037208557,1e-05,0.9827740788459778,0.9824881553649902,0.974036693572998,0.6634665727615356,0.5532593727111816,0.34505051374435425,0.9744054675102234,0.9738382697105408
201,0.9842435121536255,0.8654548525810242,0.7833402156829834,0.1450754553079605,1e-05,0.9844253659248352,0.9841302633285522,0.9738026857376099,0.6603513360023499,0.5501505732536316,0.34788215160369873,0.9741904139518738,0.9736005067825317
202,0.9813402891159058,0.8397307991981506,0.7615653872489929,0.17175482213497162,1e-05,0.981518030166626,0.9812329411506653,0.9719322919845581,0.6507001519203186,0.5422601103782654,0.35853707790374756,0.9723357558250427,0.9717317223548889
203,0.9827197194099426,0.8543715476989746,0.775065004825592,0.15673400461673737,1e-05,0.9828958511352539,0.9826083183288574,0.9737865924835205,0.6548514366149902,0.5457384586334229,0.35352635383605957,0.9741696119308472,0.9735896587371826
204,0.982617974281311,0.850045919418335,0.7717363238334656,0.1609223634004593,1e-05,0.9827914834022522,0.982508659362793,0.9735908508300781,0.6541131734848022,0.5453535914421082,0.3541916608810425,0.9739642143249512,0.9734036922454834
205,0.9831898808479309,0.8554397225379944,0.7765893936157227,0.15532994270324707,1e-05,0.9833630323410034,0.983079731464386,0.9739785194396973,0.6533948183059692,0.5462251901626587,0.3543660342693329,0.9743661880493164,0.9737822413444519
206,0.9834871292114258,0.8563672304153442,0.77671217918396,0.15427060425281525,1e-05,0.9836570620536804,0.983376681804657,0.9733319878578186,0.6539819836616516,0.5466304421424866,0.35406747460365295,0.9736846089363098,0.9731550216674805
207,0.9836205840110779,0.8579087257385254,0.7785205245018005,0.1526939570903778,1e-05,0.9837943911552429,0.9835116863250732,0.9739817380905151,0.6565307378768921,0.5484907627105713,0.35157546401023865,0.9743375778198242,0.9737926125526428
208,0.9831581711769104,0.8586929440498352,0.779319167137146,0.15197613835334778,1e-05,0.983328104019165,0.9830525517463684,0.9737237691879272,0.6571843028068542,0.5486792922019958,0.35018908977508545,0.9740933775901794,0.9735377430915833
209,0.9825030565261841,0.8482649326324463,0.7699128985404968,0.16257603466510773,1e-05,0.9826704263687134,0.9823958277702332,0.973368227481842,0.6529021263122559,0.5454971194267273,0.3548600673675537,0.9737285375595093,0.9731821417808533
210,0.985287070274353,0.8722065687179565,0.7920048236846924,0.13810478150844574,1e-05,0.9854503870010376,0.9851827621459961,0.9726545214653015,0.648711621761322,0.5420024991035461,0.35908234119415283,0.9729975461959839,0.9724846482276917
211,0.9830858707427979,0.853933572769165,0.7749419808387756,0.15673689544200897,1e-05,0.9832509160041809,0.982981264591217,0.972970724105835,0.6481669545173645,0.5412464737892151,0.35966452956199646,0.9733155965805054,0.9727943539619446
212,0.9836307764053345,0.8598893284797668,0.7804083824157715,0.1503656655550003,1e-05,0.9837958812713623,0.9835292100906372,0.9727079272270203,0.6544570922851562,0.5450184941291809,0.35334670543670654,0.9730803370475769,0.9725089073181152
213,0.9823133945465088,0.8448002934455872,0.7677702903747559,0.16583649814128876,1e-05,0.9824761152267456,0.9822132587432861,0.9736599922180176,0.6604431867599487,0.55116868019104,0.3474709093570709,0.9740294218063354,0.9734703302383423
214,0.9828125238418579,0.8529091477394104,0.7750945687294006,0.15918117761611938,1e-05,0.9829745292663574,0.982709527015686,0.9740430116653442,0.6564352512359619,0.5477123856544495,0.35112228989601135,0.9744046330451965,0.973852276802063
215,0.9818668961524963,0.8419303894042969,0.7658101320266724,0.16889485716819763,1e-05,0.982030987739563,0.981766402721405,0.9733805656433105,0.6516289710998535,0.5440089702606201,0.3557741641998291,0.9737312197685242,0.9731981754302979
216,0.9833343625068665,0.8595427870750427,0.7803181409835815,0.15093384683132172,1e-05,0.9834973216056824,0.9832302331924438,0.973015308380127,0.6384230852127075,0.5344328284263611,0.36873650550842285,0.9733568429946899,0.9728390574455261
217,0.9854869246482849,0.8731544613838196,0.7925407290458679,0.13688629865646362,1e-05,0.9856465458869934,0.9853880405426025,0.9728407263755798,0.6491836905479431,0.5421109199523926,0.3592115640640259,0.9731823801994324,0.9726579189300537
218,0.9833179712295532,0.8585129380226135,0.7814126014709473,0.1519947499036789,1e-05,0.983478307723999,0.9832179546356201,0.9740914106369019,0.6607176661491394,0.5518308877944946,0.34671550989151,0.9744280576705933,0.9739159345626831
219,0.9842007756233215,0.8666733503341675,0.78802889585495,0.1434764266014099,1e-05,0.9843566417694092,0.9841017127037048,0.9728267788887024,0.6528335213661194,0.5442457795143127,0.35542404651641846,0.9731553196907043,0.9726623892784119
220,0.9822923541069031,0.8463234901428223,0.7695249915122986,0.1643868386745453,1e-05,0.9824478626251221,0.9821949601173401,0.9736085534095764,0.6621384620666504,0.5526471138000488,0.34623464941978455,0.9739302396774292,0.9734444618225098
221,0.9839094281196594,0.8621859550476074,0.7842521071434021,0.14787064492702484,1e-05,0.9840630888938904,0.983813464641571,0.9723745584487915,0.6457549929618835,0.5403730273246765,0.36203959584236145,0.972710132598877,0.9722047448158264
222,0.9839149713516235,0.864337146282196,0.7863247990608215,0.14561831951141357,1e-05,0.9840695261955261,0.9838207364082336,0.9740683436393738,0.6549401879310608,0.5472235083580017,0.3527369797229767,0.9744194149971008,0.9738878011703491
223,0.9814625382423401,0.840939462184906,0.7666148543357849,0.16990889608860016,1e-05,0.9816104769706726,0.9813668727874756,0.9730005264282227,0.6484120488166809,0.5421952605247498,0.3595649003982544,0.9733143448829651,0.972832202911377
224,0.9834495782852173,0.8603333234786987,0.7838925123214722,0.15019869804382324,1e-05,0.9835996627807617,0.9833530187606812,0.972804069519043,0.6492175459861755,0.54233717918396,0.35872361063957214,0.9731329679489136,0.972625195980072
225,0.9845311045646667,0.8666360974311829,0.7887733578681946,0.14311560988426208,1e-05,0.9846781492233276,0.9844404458999634,0.972534716129303,0.6459829807281494,0.5375845432281494,0.3612832725048065,0.9728925228118896,0.9723585247993469
226,0.9825862646102905,0.8547510504722595,0.7787609696388245,0.1555613875389099,1e-05,0.9827374219894409,0.9824916124343872,0.9733425974845886,0.6536778211593628,0.5460105538368225,0.35412779450416565,0.973685622215271,0.9731747508049011
227,0.9821009039878845,0.8453407883644104,0.770452082157135,0.16527269780635834,1e-05,0.9822486639022827,0.9820100665092468,0.9736827611923218,0.6510135531425476,0.5448976755142212,0.35568690299987793,0.9740213751792908,0.9735046029090881
228,0.9835084080696106,0.8585882186889648,0.7821810245513916,0.15137553215026855,1e-05,0.983656644821167,0.9834138751029968,0.9733781814575195,0.6530501246452332,0.5452348589897156,0.35459432005882263,0.9737206101417542,0.9732078909873962
229,0.9823601841926575,0.8514933586120605,0.7764111161231995,0.1589905470609665,1e-05,0.9825090169906616,0.9822698831558228,0.9740720391273499,0.6625211834907532,0.5524119734764099,0.3454522490501404,0.9744272232055664,0.9738970994949341
230,0.9848204851150513,0.8729568123817444,0.7952157855033875,0.13660204410552979,1e-05,0.9849668741226196,0.9847265481948853,0.9738916158676147,0.6608290672302246,0.5518238544464111,0.346855491399765,0.9742224216461182,0.9737266302108765
231,0.9839600324630737,0.8581181764602661,0.7824332118034363,0.15179012715816498,1e-05,0.9841042160987854,0.983872652053833,0.972987174987793,0.6528096795082092,0.5447160601615906,0.35501688718795776,0.9733225107192993,0.9728214740753174
232,0.9819910526275635,0.8513742089271545,0.776628315448761,0.15934574604034424,1e-05,0.9821393489837646,0.9819025993347168,0.9733825922012329,0.6493844389915466,0.5419902801513672,0.3583911955356598,0.9737055897712708,0.9732099175453186
233,0.9843456149101257,0.8655428886413574,0.7882892489433289,0.14417333900928497,1e-05,0.9844911098480225,0.9842507839202881,0.9735788702964783,0.6611343026161194,0.5517368316650391,0.34665751457214355,0.973899245262146,0.9734136462211609
234,0.9840739965438843,0.8637064695358276,0.7865422368049622,0.1460578739643097,1e-05,0.9842154383659363,0.9839870929718018,0.9730863571166992,0.6480927467346191,0.543510913848877,0.35921069979667664,0.9733932018280029,0.9729236364364624
235,0.9823922514915466,0.8495427370071411,0.7744778394699097,0.16058075428009033,1e-05,0.9825414419174194,0.9823040962219238,0.9727364182472229,0.6523028612136841,0.5447949171066284,0.3557218015193939,0.9730671644210815,0.9725725650787354
236,0.9852070808410645,0.8713070154190063,0.7946656942367554,0.13827481865882874,1e-05,0.9853529930114746,0.9851153492927551,0.9726742506027222,0.6497388482093811,0.5402198433876038,0.3587736487388611,0.9730849862098694,0.9724807739257812
237,0.983068585395813,0.857227087020874,0.7802742123603821,0.15285347402095795,1e-05,0.9832171201705933,0.9829812049865723,0.974019467830658,0.6618626117706299,0.552309513092041,0.34567612409591675,0.9743388295173645,0.9738438129425049
238,0.9832720756530762,0.8577671647071838,0.7833172082901001,0.15234127640724182,1e-05,0.9834131598472595,0.9831834435462952,0.9737275838851929,0.6562235355377197,0.5481885075569153,0.3507586717605591,0.9740493893623352,0.9735596776008606
239,0.9824773669242859,0.8519137501716614,0.777310311794281,0.1583082526922226,1e-05,0.9826202988624573,0.9823872447013855,0.974195122718811,0.6602023243904114,0.5510261654853821,0.34716010093688965,0.9745134711265564,0.9740325808525085
240,0.9831316471099854,0.8562166690826416,0.7816488146781921,0.153543621301651,1e-05,0.9832642674446106,0.9830482602119446,0.9735279679298401,0.6544791460037231,0.5470486879348755,0.3532191216945648,0.9738335013389587,0.9733725190162659
241,0.9831640124320984,0.8533788919448853,0.7785545587539673,0.1565157026052475,1e-05,0.983304500579834,0.9830750226974487,0.9725226759910583,0.6475390195846558,0.540603518486023,0.3601531982421875,0.9728530645370483,0.972354531288147
242,0.9816932082176208,0.8468034267425537,0.7727257013320923,0.16338181495666504,1e-05,0.9818309545516968,0.9816039800643921,0.9737387895584106,0.6526873111724854,0.5470060110092163,0.35455334186553955,0.974062442779541,0.9735788106918335
243,0.9834380745887756,0.860827624797821,0.7856518030166626,0.14889691770076752,1e-05,0.9835714101791382,0.9833541512489319,0.9742630124092102,0.656598687171936,0.5486426949501038,0.35034623742103577,0.9745770692825317,0.974098265171051
244,0.983345091342926,0.8596822619438171,0.7845702767372131,0.15009184181690216,1e-05,0.9834784269332886,0.98326176404953,0.9741159081459045,0.656299889087677,0.5484850406646729,0.35100463032722473,0.9744442105293274,0.9739543795585632
245,0.9831663966178894,0.8570637702941895,0.7823182940483093,0.1527080088853836,1e-05,0.9832996726036072,0.9830803871154785,0.9739421606063843,0.6600920557975769,0.552613377571106,0.3470156788825989,0.9742575287818909,0.9737789630889893
246,0.9832784533500671,0.8615981340408325,0.7865281105041504,0.14833585917949677,1e-05,0.9834192395210266,0.9831926822662354,0.9739269018173218,0.6632117629051208,0.5533133149147034,0.34446507692337036,0.9742323160171509,0.9737722873687744
247,0.9828104972839355,0.8555667400360107,0.7808985710144043,0.1543215960264206,1e-05,0.9829467535018921,0.982728123664856,0.9742533564567566,0.6627443432807922,0.5534505248069763,0.3447621166706085,0.9745777249336243,0.9740941524505615
248,0.9854199290275574,0.8759468793869019,0.7997076511383057,0.13297009468078613,1e-05,0.985550582408905,0.9853351712226868,0.9736372828483582,0.6557825803756714,0.5490095019340515,0.35140636563301086,0.9739494323730469,0.9734837412834167
249,0.983903169631958,0.8630251884460449,0.7890464067459106,0.14661546051502228,1e-05,0.9840342402458191,0.9838227033615112,0.9743523597717285,0.6611741185188293,0.552463948726654,0.3461756706237793,0.9746542572975159,0.9741947054862976
250,0.9828142523765564,0.8547776341438293,0.781425952911377,0.15504105389118195,1e-05,0.9829464554786682,0.9827340245246887,0.9726338386535645,0.6479120254516602,0.5407059788703918,0.3600313663482666,0.9729399681091309,0.9724773168563843
251,0.9829548597335815,0.8573575019836426,0.7835983037948608,0.1524842530488968,1e-05,0.9830811023712158,0.9828782677650452,0.9741827249526978,0.6591576933860779,0.5503740310668945,0.3483365774154663,0.9744775891304016,0.9740325212478638
252,0.9824260473251343,0.8506150245666504,0.7782601714134216,0.15949255228042603,1e-05,0.9825575351715088,0.982344388961792,0.9728516340255737,0.6532434225082397,0.545932948589325,0.35479792952537537,0.9731385111808777,0.9727087020874023
253,0.9844930171966553,0.8692991137504578,0.7949334979057312,0.13991141319274902,1e-05,0.9846222400665283,0.9844167232513428,0.9735121130943298,0.6533992886543274,0.5453982353210449,0.3537508249282837,0.9738185405731201,0.9733593463897705
254,0.9858347773551941,0.8782947063446045,0.8026509284973145,0.13050605356693268,1e-05,0.9859669804573059,0.985748827457428,0.9733325839042664,0.6576396822929382,0.5483854413032532,0.34985214471817017,0.9736416339874268,0.9731700420379639
255,0.9823518395423889,0.8545957803726196,0.7822556495666504,0.15564391016960144,1e-05,0.9824835062026978,0.9822721481323242,0.9717850089073181,0.6434832811355591,0.5374805331230164,0.3643478751182556,0.9720659852027893,0.9716406464576721
256,0.984292209148407,0.8681138157844543,0.7936588525772095,0.141323983669281,1e-05,0.9844226241111755,0.9842091202735901,0.9730131030082703,0.6510437726974487,0.5452077388763428,0.35669413208961487,0.9733109474182129,0.972865104675293
257,0.9837161898612976,0.8647341132164001,0.790840744972229,0.14485134184360504,1e-05,0.9838437438011169,0.9836329221725464,0.9742799401283264,0.6590495109558105,0.5510713458061218,0.3487849533557892,0.9745701551437378,0.9741328954696655
258,0.9805485010147095,0.8344559669494629,0.7641077041625977,0.17574821412563324,1e-05,0.9806785583496094,0.9804689288139343,0.9739547371864319,0.6563277840614319,0.5483351945877075,0.350917249917984,0.9742557406425476,0.9738021492958069
259,0.9859583377838135,0.8823330402374268,0.8070982098579407,0.12630195915699005,1e-05,0.9860807657241821,0.9858782887458801,0.9735008478164673,0.6552925705909729,0.5470532178878784,0.3525569438934326,0.9737975001335144,0.9733474850654602
260,0.983570396900177,0.8598394393920898,0.7872645854949951,0.14957579970359802,1e-05,0.9836962223052979,0.9834899306297302,0.9735456109046936,0.653296172618866,0.5459495782852173,0.35392382740974426,0.9738236665725708,0.9734047651290894
261,0.9848495125770569,0.8697104454040527,0.7958455681800842,0.13924096524715424,1e-05,0.9849718809127808,0.9847748875617981,0.9732761979103088,0.6579043865203857,0.5485384464263916,0.35015401244163513,0.9735544323921204,0.9731314182281494
262,0.9830711483955383,0.855234682559967,0.7832528948783875,0.15456147491931915,1e-05,0.9831960797309875,0.982995867729187,0.973842442035675,0.6694754958152771,0.5573512315750122,0.3381718695163727,0.9741379022598267,0.9736887812614441
263,0.9861000180244446,0.8850955367088318,0.8098211288452148,0.123777836561203,1e-05,0.9862242341041565,0.9860175848007202,0.9733362197875977,0.655642032623291,0.5482993125915527,0.3521385192871094,0.9736337661743164,0.9731963872909546
264,0.9852285981178284,0.8759962916374207,0.8018659949302673,0.13298830389976501,1e-05,0.9853488206863403,0.9851546883583069,0.9738279581069946,0.6570625305175781,0.5487045049667358,0.35012638568878174,0.9741232395172119,0.9736700654029846
265,0.9813860058784485,0.8436461091041565,0.7730452418327332,0.16642756760120392,1e-05,0.9815084934234619,0.9813133478164673,0.9731271266937256,0.653326153755188,0.5466809868812561,0.35431042313575745,0.9734253883361816,0.9729724526405334
266,0.9835426211357117,0.8612805008888245,0.7891297936439514,0.14820823073387146,1e-05,0.9836656451225281,0.9834676384925842,0.9724869132041931,0.6553799510002136,0.545900821685791,0.35323822498321533,0.9727621674537659,0.9723455309867859
267,0.9827459454536438,0.8572376370429993,0.7859346866607666,0.15259084105491638,1e-05,0.9828664660453796,0.9826736450195312,0.9735124707221985,0.6602228879928589,0.5520759224891663,0.34751075506210327,0.9737781882286072,0.9733713269233704
268,0.9827237725257874,0.8576762080192566,0.7861738204956055,0.1521396040916443,1e-05,0.982842743396759,0.9826493263244629,0.9733960032463074,0.6607692241668701,0.5518990159034729,0.3470878601074219,0.9736751317977905,0.9732528328895569
269,0.9856611490249634,0.8773214817047119,0.8029388189315796,0.13119624555110931,1e-05,0.9857794642448425,0.9855886101722717,0.9732276797294617,0.6594850420951843,0.5495497584342957,0.34824827313423157,0.9735013842582703,0.9730942845344543
270,0.9823861122131348,0.8512046933174133,0.780737042427063,0.15841108560562134,1e-05,0.982503354549408,0.982311487197876,0.9729905724525452,0.6564304828643799,0.5494278073310852,0.3512973487377167,0.9732750654220581,0.9728522896766663
271,0.9840282201766968,0.8675646185874939,0.7954093813896179,0.1418236345052719,1e-05,0.9841434955596924,0.9839529991149902,0.9736793637275696,0.6594763994216919,0.5515286922454834,0.3473584055900574,0.9739559888839722,0.9735462069511414
272,0.9864398837089539,0.8846803307533264,0.8100425004959106,0.12361020594835281,1e-05,0.9865602254867554,0.9863649010658264,0.9730355739593506,0.6543341279029846,0.5476654767990112,0.3533787429332733,0.9733183979988098,0.9728894829750061
273,0.983109712600708,0.8576028943061829,0.7861132025718689,0.15180079638957977,1e-05,0.9832264184951782,0.9830361008644104,0.9739216566085815,0.6609045267105103,0.5524455308914185,0.34618812799453735,0.9742074608802795,0.9737768769264221
274,0.9843829274177551,0.8655702471733093,0.7930749654769897,0.1436239331960678,1e-05,0.9844979047775269,0.984308660030365,0.9738175868988037,0.6590927839279175,0.5507877469062805,0.3476942479610443,0.9740824699401855,0.9736766219139099
275,0.9836533665657043,0.8645222783088684,0.7937003970146179,0.14499619603157043,1e-05,0.9837710857391357,0.9835803508758545,0.97368323802948,0.6540322303771973,0.5479318499565125,0.35293084383010864,0.9739588499069214,0.973541259765625
276,0.984305202960968,0.8725108504295349,0.7999420762062073,0.13672295212745667,1e-05,0.9844182729721069,0.9842312335968018,0.9725605845451355,0.6526815295219421,0.5450868606567383,0.3555107116699219,0.9728310108184814,0.9724246859550476
277,0.985431969165802,0.8765266537666321,0.8037296533584595,0.1321832686662674,1e-05,0.9855486154556274,0.9853579998016357,0.9727578163146973,0.6534627079963684,0.5460025668144226,0.3534280061721802,0.9730470776557922,0.9726182818412781
278,0.9836466312408447,0.8626347780227661,0.7911060452461243,0.1468803584575653,1e-05,0.9837616086006165,0.9835763573646545,0.9734477400779724,0.654188871383667,0.5465264320373535,0.352910578250885,0.9737237095832825,0.9733114838600159
279,0.9827032685279846,0.8548356890678406,0.7852621078491211,0.1547103226184845,1e-05,0.982816219329834,0.9826369285583496,0.9731023907661438,0.6542962789535522,0.5468247532844543,0.3537296652793884,0.9733670353889465,0.9729673862457275
280,0.9829177856445312,0.8542930483818054,0.7837385535240173,0.1551220417022705,1e-05,0.9830317497253418,0.9828482866287231,0.9739593863487244,0.668606162071228,0.5569326281547546,0.33899545669555664,0.9742381572723389,0.97382652759552
281,0.9840621948242188,0.8695330023765564,0.7980325222015381,0.13956193625926971,1e-05,0.9841750264167786,0.9839915037155151,0.9730177521705627,0.652987539768219,0.5457291007041931,0.35465407371520996,0.9732783436775208,0.9728813767433167
282,0.983254075050354,0.8610057234764099,0.7910018563270569,0.14836885035037994,1e-05,0.983367919921875,0.9831848740577698,0.9740705490112305,0.6613652110099792,0.5525868535041809,0.34619054198265076,0.9743508100509644,0.9739266037940979
283,0.9844399094581604,0.8684070706367493,0.796519935131073,0.14040899276733398,1e-05,0.9845544695854187,0.9843711256980896,0.9737324714660645,0.6570127606391907,0.5492004752159119,0.35040801763534546,0.9739958047866821,0.9736023545265198
284,0.9850011467933655,0.8735823631286621,0.8021184206008911,0.13524791598320007,1e-05,0.9851125478744507,0.984932005405426,0.9733930230140686,0.6570329666137695,0.5490533709526062,0.35022202134132385,0.973660409450531,0.9732627272605896
285,0.9836646914482117,0.867347240447998,0.7975599765777588,0.14207231998443604,1e-05,0.9837769269943237,0.9835953712463379,0.9732779860496521,0.6560486555099487,0.5482024550437927,0.3515416979789734,0.9735519289970398,0.9731389880180359
286,0.9845502972602844,0.8680379390716553,0.7963359951972961,0.14104902744293213,1e-05,0.9846607446670532,0.9844789505004883,0.97428297996521,0.658395528793335,0.5494227409362793,0.34933486580848694,0.9745466709136963,0.9741503596305847
287,0.9860413670539856,0.8829641342163086,0.8100210428237915,0.12547516822814941,1e-05,0.9861472845077515,0.9859750866889954,0.9744200110435486,0.6622918844223022,0.5545870661735535,0.34503352642059326,0.9746642112731934,0.9742928147315979
288,0.984716534614563,0.8739697337150574,0.8026328682899475,0.1347019225358963,1e-05,0.9848237633705139,0.9846481680870056,0.9744262099266052,0.6563917398452759,0.5488138198852539,0.3509237766265869,0.9747036099433899,0.9742887616157532
289,0.9829227328300476,0.8576580286026001,0.7875900268554688,0.15279757976531982,1e-05,0.9830314517021179,0.9828552007675171,0.9722973108291626,0.6559725999832153,0.548090934753418,0.3520541787147522,0.9725740551948547,0.9721581935882568
290,0.982863187789917,0.8528556823730469,0.7829169631004333,0.1562371850013733,1e-05,0.9829745888710022,0.9827962517738342,0.9736689329147339,0.6596806049346924,0.5528863668441772,0.3476771414279938,0.9739344120025635,0.973533570766449
291,0.9832519888877869,0.862406849861145,0.793021023273468,0.14710946381092072,1e-05,0.9833570718765259,0.9831861853599548,0.9742005467414856,0.6646945476531982,0.555991530418396,0.34294864535331726,0.9744586944580078,0.9740718007087708
292,0.9815730452537537,0.8444195985794067,0.7769244313240051,0.16532862186431885,1e-05,0.9816786646842957,0.9815057516098022,0.9730284214019775,0.6507827639579773,0.5443081855773926,0.35660454630851746,0.9733010530471802,0.9728879928588867
293,0.9833776354789734,0.8608723282814026,0.7913818359375,0.14846663177013397,1e-05,0.983487069606781,0.9833100438117981,0.9730607867240906,0.6548854112625122,0.5465479493141174,0.35295143723487854,0.9733269214630127,0.9729251861572266
294,0.9841708540916443,0.8719465136528015,0.8017747402191162,0.13698901236057281,1e-05,0.9842801690101624,0.9841071367263794,0.9723958969116211,0.6528556942939758,0.5463557839393616,0.35520920157432556,0.9726344347000122,0.9722743630409241
295,0.985066294670105,0.8770166039466858,0.8065391182899475,0.13166235387325287,1e-05,0.9851686954498291,0.9850006699562073,0.9731193780899048,0.6521152257919312,0.5464460849761963,0.35537391901016235,0.9733628630638123,0.9729987382888794
296,0.9854855537414551,0.8804864883422852,0.8092328906059265,0.1280340999364853,1e-05,0.9855901598930359,0.9854222536087036,0.9729759097099304,0.6522964835166931,0.5466031432151794,0.3552713096141815,0.9732488989830017,0.9728387594223022
297,0.9867885112762451,0.8906980156898499,0.8185936212539673,0.1173892691731453,1e-05,0.9868911504745483,0.986721396446228,0.9738479256629944,0.6525429487228394,0.5461280345916748,0.354760080575943,0.9740914106369019,0.973717451095581
298,0.985130786895752,0.874254047870636,0.8034884333610535,0.13424523174762726,1e-05,0.9852358102798462,0.9850663542747498,0.9743685126304626,0.6606802940368652,0.5533961653709412,0.34656962752342224,0.9746226668357849,0.9742376208305359
299,0.9855737090110779,0.8825469017028809,0.8123520612716675,0.1257988065481186,1e-05,0.9856794476509094,0.9855109453201294,0.973821759223938,0.6586073040962219,0.5515536069869995,0.34884756803512573,0.974070131778717,0.973702073097229
